target_dim,ijk,kendall,residual variance,globalh0,globalh1
2,0.1503,-0.6650808386866989,0.2805583497456128,16.194561847331222,20.927538767634182
