target_dim,ijk,kendall,residual variance,globalh0,globalh1
2,0.01959999999999995,-0.9421685786070055,0.03916629850720621,2029.1395753828467,2649.2306348520196
