target_dim,ijk,kendall,residual variance,globalh0,globalh1
2,0.024499999999999966,-0.9476116598750571,0.006086485022438581,6.136049596648474,5.544165466817692
