target_dim,ijk,kendall,residual variance,globalh0,globalh1
3,0.053300000000000014,-0.8931624300933247,0.028547470451421142,9.769248436691187,23.63932773431201
