target_dim,ijk,kendall,residual variance,globalh0,globalh1
2,0.00539999999999996,-0.9858973030639818,0.0007097705395722187,702.4471061385436,78.20348398975429
