target_dim,ijk,kendall,residual variance,globalh0,globalh1
2,0.02980000000000005,-0.9236005644717312,0.016587444734493584,127.86346917707236,38.669411981059405
