target_dim,ijk,kendall,residual variance,globalh0,globalh1
2,0.07120000000000004,-0.8431649770803924,0.08192796997275575,238.18577547253483,44.79699781080598
