target_dim,ijk,kendall,residual variance,globalh0,globalh1
2,0.00039999999999995595,-0.9975618354627551,2.5234404111618147e-05,971.9876837357493,24.327950576137084
