target_dim,ijk,kendall,residual variance,globalh0,globalh1
2,0.0006000000000000449,-0.9975618354627551,2.5234404111618147e-05,355.23677109269096,36.491417678421385
